{
  "Unknown": 0.9486501216888428,
  "\u0936\u093f\u0915\u094d": 0.9463340044021606,
  "\u2018\u0915\u0947\u0902\u0926\u094d\u0930 \u091c\u094b \u092a\u0948\u0938\u0947 \u092d\u0947\u091c\u0924\u0940 \u0939\u0948, \u0909\u0938\u0947 \u0932\u0942\u091f\u0915\u0930 TMC \u0915\u093e\u0921\u0930 \u092a\u0930 \u0915\u093f\u092f\u093e \u091c\u093e\u0924\u093e \u0939\u0948": 0.8667896389961243
}