{
  "Unknown": 0.7776179479963647,
  "शिक्": 0.7701553906842616,
  "‘केंद्र जो पैसे भेजती है, उसे लूटकर TMC काडर पर किया जाता है": 0.517528650271123
}